# name	address (octal)	source (code: where the listing places it; table: the printed symbol table)	flags
# Derived from symelec-listing.txt by packages/cabinet/scripts/extract-symbols.mjs.
BEGRTP	00024	code+table	
BERTP1	00030	code+table	
LBD	00047	code+table	
AD	00123	code+table	
BD	00150	code+table	
FSTCLB	00176	code+table	
SNDCLB	00177	code+table	
TRDCLB	00200	code+table	
FOUCLB	00201	code+table	
FIFCLB	00202	code+table	
SIXCLB	00203	code+table	
SEVCLB	00204	code+table	
EIGCLB	00205	code+table	
CLBR	00206	code+table	
CLBC	00207	code+table	
CLBL	00210	code+table	
CLBS	00211	code+table	
CLBV	00212	code+table	
CLB1	00213	table	
CLBI	00213	code	
CLBU	00214	code+table	
CLB0	00215	table	
CLBO	00215	code	
RES0	00220	code+table	
CAP0	00236	code+table	
IND0	00252	code+table	
SWI0	00310	code+table	
VOL0	00321	code+table	
CUR0	00346	code+table	
NUL0	00405	code+table	
NOR0	00427	code+table	
SERSWI	00451	code+table	
FOBBL	00463	code+table	
FOCBL	00531	code+table	
FOBBL1	00542	code+table	
ATTPDA	00556	code+table	
SAVTE1	00604	code+table	
TAKE1	00621	code+table	
LB2	00643	code+table	
INTMO	00707	code+table	
SCAMO	00735	code+table	
CATMO	00760	code+table	
CATMO1	00761	code+table	
REDUC	00766	code+table	
ROTMO	00771	code+table	
PIXEX	00774	code+table	
DFCON	01027	code+table	
DPSIM	01046	code+table	
PAMODE	01066	code+table	
SBMODE	01073	code+table	
VEMODE	01117	code+table	
CHMODE	01133	code+table	
CALDEF	01145	code+table	
CELE	01155	code+table	
SHRINK	01216	code+table	
TURNVE	01232	code+table	
WAIT92	01272	code+table	
WAIT91	01316	code+table	
WAIT15	01337	code+table	
FOCBL1	01354	code+table	
FOCBL3	01373	code+table	
FOCBL4	01404	code+table	
FOCBL2	01422	code+table	
INEL	01436	code+table	
MOVCR	01454	code+table	
CONELE	01517	code+table	
SEGEY	01561	code+table	
CSEV	01620	code+table	
CEIG	01622	code+table	
CFST	01624	code+table	
CSMD	01626	table	
CSND	01626	code	
CTRD	01630	code+table	
CFIF	01632	code+table	
CSIX	01634	code+table	
CFOU	01636	code+table	
STXBMO	01640	code+table	
STYBMO	01641	code+table	
STSPST	01642	code+table	
LTPX	01701	code+table	
TX	01705	code+table	
TH	01706	code+table	
TS	01741	code+table	
SNDCH	01764	code+table	
FRSTCH	01771	code+table	
TZ	02016	code+table	
TV	02024	code+table	
PXOK	02037	code+table	
RELOC1	02043	code+table	
RELOC4	02044	code+table	
PXER1	02072	code+table	
RLCEND	02072	code+table	
PXER3	02073	code+table	
PXER2	02074	code+table	
PXID	02106	code+table	
RW	02107	code+table	
WAITLK	02125	code	
WAITLX	02125	table	
RW1	02126	code+table	
RW2	02133	code+table	
SETUP	02147	table	jms
SETUP1	02167	table	jms
ERR	02221	code+table	
OP	02232	code+table	
GIND	02241	table	
GBUG	02242	table	
GSTKP	02243	table	
GTEMP	02244	table	
FLST	02253	table	multiply-defined,jms
GETSP	02312	code+table	multiply-defined,jms
INIT	02335	code+table	jms
CDR	02347	table	multiply-defined,jms
CAR	02367	table	multiply-defined,jms
UNSTAK	02400	table	multiply-defined,jms
PUSH	02407	table	jms
POP	02433	table	jms
STAK	02446	table	jms
ENTER	02472	table	multiply-defined,jms
EXIT	02504	table	multiply-defined,jmp
LIM	02516	code+table	
LIM2	02524	code+table	
LIM1	02530	code+table	
GBRNCH	02533	code+table	
MK1	02536	code+table	
GNTR	02541	code+table	
GB2	02544	code+table	
GITEM	02562	code+table	
GBCDR	02601	code+table	
GNIL	02605	code+table	
GBRTN	02617	code+table	
GARB	02627	code+table	
GARB1	02652	code+table	
GARB2	02714	code+table	
GBD	02716	code+table	
GBD1	02732	code+table	
BDN	02743	table	multiply-defined,jms
BDC	02755	code+table	
BDD	03001	table	
BDE	03001	code	
BD0	03010	table	
BDO	03010	code	
BDR	03024	code+table	
FEL	03035	table	multiply-defined,jms
FELN	03041	table	multiply-defined,jms
NULLR	03070	table	jms
INSRT	03076	table	jms
FINDS	03113	table	multiply-defined,jms
FINDN	03126	table	multiply-defined,jms
FINDP	03141	code+table	multiply-defined,jms
GRHA	03155	code+table	
GR1	03165	code+table	
GRRB	03221	code+table	
GR2	03225	code+table	
LKTEST	03260	code+table	
LKERR	03265	code+table	
ADDN	03266	table	multiply-defined,jms
DSON	03310	table	multiply-defined,jms
DELB	03324	table	multiply-defined,jms
MESOUT	03352	code+table	jms
WAIT	03375	code+table	multiply-defined,jms
WAIT11	03404	code+table	
WAIT12	03422	code+table	
WAIT13	03437	code+table	
WAIT9	03460	code+table	
WAIT3	03464	code+table	
WAIT7	03506	code+table	
WAIT2	03547	table	
WAITZ	03547	code	
WAIT8	03571	code+table	
WAIT10	03606	code+table	
WAIT1	03636	code+table	
WAIT4	03650	code+table	
WAIT5	03676	table	
WAITS	03676	code	
WAIT6	03705	code+table	
MESIN	03732	code+table	
MESIN6	04005	code+table	
MESIN7	04015	code+table	
MESIN8	04036	code+table	
MESIN9	04041	code+table	
MESIN1	04050	code+table	
MESIN2	04057	code	
MESIN3	04075	code+table	
MESIN4	04122	code+table	
MESL	04126	code+table	
MESSAG	04134	code+table	
MESIN5	04141	code+table	
ERRMEA	04166	code+table	
ERRMEB	04171	code+table	
ERR3	04174	code+table	
ERR5	04176	code+table	
ERR6	04201	code+table	
ERR4	04203	code+table	
ERRDF	04206	code+table	
ERRGB	04221	code+table	
OUT	04237	table	jms
INP	04260	table	jms
COPOUT	04307	table	multiply-defined,jms
NOTE	04355	code+table	
MESS	04366	code+table	
MS	04367	code+table	
MSOUT	04370	code+table	
MSIN	04371	code+table	
TEMPDF	04441	code+table	
POSDF	04741	code+table	
POSDFL	04742	code+table	
POSDFB	04743	code+table	
TEMPEN	04744	code+table	
TEMPX	04745	code+table	
TEMPY	04746	code+table	
DEMP	04747	table	
STSTAK	04747	code+table	
U2	04750	table	
V1	04751	table	
R1	04753	table	
YY1	04754	table	
YY2	04755	table	
DX	04756	table	
COUN	04757	table	
MRKY	04760	table	
GAMMA	04761	table	
U	04762	table	
BETA	04763	table	
TEM	04764	table	
XBEAM	04765	table	
SBPI1	04766	table	
X	04767	table	
T2	04770	table	
V2	04771	table	
L	04772	table	
STEST	04774	table	
EX1	04775	table	
EX2	04776	table	
FIG	04777	table	
YBMC	05000	table	
MRKX	05001	table	
MKER	05002	table	
ALPHA	05003	table	
LOPX	05006	table	
T3	05007	table	
U1	05010	table	
R	05011	table	
S1	05012	table	
SUMB	05013	table	
DY	05014	table	
PONT	05015	table	
XBMC	05016	table	
Y	05017	table	
V	05020	table	
TEMP2	05021	table	
YBEAM	05022	table	
SVAD	05023	table	
LOPY	05024	table	
SAV	05027	table	
HDR1	05030	table	
DS	05031	table	
ADR	05032	table	
SW	05033	table	
CKS	05034	table	
RELCON	05035	table	
ADR1	05036	table	
BSZ	05037	table	
SUMB	05040	table	
MODE	05041	table	
ASR	05043	table	
COMPOS	05044	table	
VEPART	05045	table	
XINS1	05046	table	
YP	05050	table	
XP	05051	table	
TRAKX	05052	table	
TRAKY	05053	table	
XTOT	05054	table	
YTOT	05055	table	
XINS	05056	table	
YINS	05057	table	
XTOTIN	05060	table	
YTOTIN	05061	table	
YINS1	05062	table	
COMPOI	05063	table	
SBPI	05064	table	
CCAT	05065	table	
NM	05066	table	
STPNTX	05107	code+table	
STPNTY	05110	code+table	
STCON	05111	code+table	
STPOS	05112	code+table	
STCON1	05113	code+table	
BFIRST	05114	code+table	
BSNDST	05115	code+table	
LEVEL	05116	code+table	
BLEVEL	05117	code+table	
COUNT	05120	code+table	
CON	05121	code+table	
CON1	05122	code	
DRAWHG	05123	table	
DRAWMO	05123	code	
SWITCH	05124	code+table	
CONSTX	05125	code	
CONSTB	05126	code+table	
CONSTC	05127	code+table	
CONSTD	05130	code+table	
CONSND	05131	code+table	
RMODE	05132	code+table	
CHODE	05133	table	
CMODE	05133	code	
MBLINK	05134	code+table	
BLINK	05135	code+table	
SCRABL	05136	code+table	
MIN	05137	code+table	
MOUT	05140	code+table	
IMC	05141	code+table	
WX1	05142	code+table	
WX2	05143	code+table	
WY1	05144	code+table	
WY2	05145	code+table	
SAVINS	05146	code+table	
SAVSUB	05147	code+table	
CCOM1	05150	code+table	
PRINT1	05151	code+table	
PRINT2	05152	code+table	
COLON	05154	code+table	
CR	05155	code+table	
DFB	05156	code+table	
DFE	05157	code+table	
DFERES	05160	code	
DFENOR	05161	code+table	
BEG	05162	code+table	
END	05163	code+table	
ENDRES	05164	code+table	
ENDNOR	05165	code+table	
BOT	05166	code+table	
TOP	05167	code+table	
LPBEG	05171	code+table	
LKBEG	05172	code+table	
LKEND	05173	code+table	
XSTBEG	05174	code+table	
YSTBEG	05175	code+table	
YSTEND	05176	code+table	
STSAVE	05177	code+table	
LB	05200	code+table	
LBSF	05231	code+table	
LB1	05253	code+table	
LB3	05254	code+table	
LB4	05262	code+table	
WAREA	05272	code+table	
TOTEMP	05304	code+table	
PSD	05312	code+table	
PAD	05313	code+table	
PRD	05314	code+table	
PCD	05315	code+table	
PLD	05316	code+table	
PXD	05317	code+table	
INT	05320	code+table	
PEN	05353	code+table	
PEN1	05403	code+table	
PEN2	05413	code+table	
PEN4	05431	code+table	
PEN5	05437	code+table	
PEN3	05445	code+table	
TRCR	05466	code+table	
STPCD	05504	code+table	
CLOCK	05534	code+table	
EDGEV	05571	code+table	
EDGEH	05605	code	
EDGEN	05605	table	
POSCR	05621	code+table	
TRACK	05637	code+table	
YCROSS	05640	code+table	
XCROSS	05641	code+table	
SRAST	05656	code+table	
LBD1	05674	code+table	
ERAST	05750	code+table	
SD	05751	code+table	
SD1	05767	code+table	
FD	06030	code+table	
CD	06045	code+table	
ED	06050	code+table	
TD	06062	code+table	
GD	06070	table	
DRAMD	06073	table	
DRAMO	06073	code	
STRAIG	06100	code+table	
RUBBER	06105	code+table	
ENDCOM	06113	code	
ENDCON	06113	table	
ENDDRA	06115	code+table	
POIMO	06207	code+table	
ATTMO	06221	code	
ATTMU	06221	table	
MORE	06226	code+table	
LESS	06237	code+table	
STRCR	06252	code+table	
TESLEV	06271	code+table	
BLIROU	06305	code+table	
SXY	06315	code+table	
MOD	06335	code+table	
INSRTN	06343	code+table	
SETCL	06364	code+table	
TESTIN	06371	code+table	
COPFIR	06430	code	
COPSND	06446	code+table	
DELLEV	06464	code+table	
SEGX	06476	code+table	
SEGY	06510	code+table	
SEGXY	06521	code+table	
TDDIS	06542	table	
TODIS	06542	code	
INSRET	06554	code+table	
SEGRXY	06565	code+table	
SEGCX	06606	code+table	
SEGCNX	06624	code+table	
SEGCY	06637	code+table	
SEGCY1	06652	code+table	
SEGCNY	06672	code+table	
ERASE	06705	code+table	
SAVEX	06722	code+table	
SAVEY	06732	code+table	
SAVTEM	06742	code+table	
TAKE	06777	code+table	
SEGEX	07035	code+table	
UPCOMP	07041	code+table	
UPCOM2	07075	code+table	
UPCOM1	07077	code+table	
FOHBL	07105	code+table	
FONBL	07171	code+table	
ABSXY	07205	code+table	
FOLBL	07215	code+table	
FOPBL	07274	code+table	
MASKX	07312	code+table	
MASKY	07343	code+table	
MASKY1	07402	code+table	
POIDAT	07407	code+table	
PODAT1	07426	code+table	
UPDAXY	07440	code+table	
UPDAIN	07452	code+table	
LINDAT	07466	code+table	
ADJLEV	07504	code+table	
CATDAT	07512	code+table	
CATDA0	07522	code+table	
CATDA1	07532	code+table	
CATDA2	07552	code+table	
ENDPOI	07562	code+table	
ATTPEL	07625	code+table	
AMEND	07640	code+table	
AMEND0	07653	code+table	
AMEND1	07657	code+table	
AMEND9	07662	code+table	
AMEND2	07673	code+table	
AMEND6	07677	code+table	
AMEND7	07714	code+table	
AMEND3	07750	code+table	
AMEND4	07764	code+table	
AMEND5	07775	code+table	
TESTJN	10013	code+table	
VAIN	10051	code+table	
WRLTO	10100	table	multiply-defined,jms
VAIN2	10101	code+table	
DISCON	10116	code+table	
DISCO1	10125	code+table	
WRLB	10134	table	multiply-defined,jms
DISCO2	10143	code+table	
DISCO3	10144	code+table	
POSIT	10160	code+table	
COMPIL	10170	code+table	multiply-defined,jms
COMP	10241	code+table	
COMP10	10306	code	
COMP9	10307	code+table	
COMP14	10364	code+table	
COMP1	10423	code+table	
COMP3	10546	code+table	
COMP2	10552	code+table	
COMP5	10612	code+table	
COMP4	10620	code+table	
RINST	10621	code+table	
RLINE	10625	code+table	
COMP11	10631	code+table	
COMP12	10656	code+table	
COMP13	10670	code+table	
GETD	10701	table	multiply-defined,jms
GETD1	10716	code+table	
FLEAS	10717	table	multiply-defined,jms
FLEA1	10734	code+table	
FLEA2	10744	code+table	
FLEA3	10752	code+table	
SUBP	10753	code+table	
PNT1	10754	code+table	
PNT2	10755	code+table	
WRDF	10756	table	multiply-defined,jms
STAKX	10765	table	jms
STAKY	10777	table	jms
UNSTKX	11011	table	multiply-defined,jms
UNSTKY	11023	table	multiply-defined
DRLTD	11035	table	multiply-defined,jms
WRLB2	11203	code+table	
WRLB1	11210	code+table	
WRLB3	11225	code+table	
VECGN	11237	code	
VECON	11237	table	
WINDOW	11403	code+table	multiply-defined,jms
ONEIN	11470	code+table	
TWOIN	11500	code+table	
LOCATE	11510	code+table	jms
INTERG	11557	code+table	jms
SOLVAB	11624	table	jms
SET1	11635	code+table	
SOLVCD	11647	table	jms
SET2	11660	code+table	
SOLVE	11672	table	jms
ESCAPE	11727	code+table	
NEG	11733	code+table	
CDOCOM	11742	table	
RCATAL	11743	table	
RCOPY	11744	table	
RGROUP	11745	table	
RATTPO	11746	table	
RTFIRI	11747	table	
ELAD	11750	table	
LENGTH	11751	table	
ETYPE	11752	table	
SYMB	11753	table	
TEMP	11754	table	
FSBPI	11755	table	
INST	11756	table	
SYM	11757	table	
XBMO	11760	table	
BXBMO	11761	table	
YBMO	11762	table	
BYBMO	11763	table	
BSBWOR	11764	table	
RREDUC	11765	table	
RROTAT	11766	table	
BLINK1	11767	table	
JMPADR	11770	table	
SCRPAD	11771	table	
TEMP1	11772	table	
WORD	11773	table	
ELCOUN	11774	table	
SAVGSU	11775	table	
NODRA	11776	table	
PBDM	11777	table	
XBML	12000	table	
YBML	12001	table	
XBM	12002	table	
ENDEX	12003	table	
PNTX	12004	table	
YBM	12005	table	
ENDEY	12006	table	
PNTY	12007	table	
CERRGB	12010	table	
FREE	12011	table	
LOP	12012	table	
LINK	12013	table	
EL	12014	table	
EL1	12015	table	
POINT	12016	table	
LINE	12017	table	
GDM	12020	table	
BCC	12021	table	
RERROR	12022	table	
RTRACK	12023	table	
RTSNDI	12024	table	
CUPCOM	12025	table	
SAVGIN	12026	table	
RERASE	12027	table	
RUPCOM	12030	table	
RDOCOM	12031	table	
CISRTN	12032	table	
RBLINK	12033	table	
GRID	12034	table	
RLABEL	12035	table	
CERRDF	12036	table	
INT1	12037	table	
CTEMPX	12040	table	
CTEMPY	12041	table	
CBUSY	12042	table	
BPNTY	12044	table	
POS	12045	table	
BCON	12046	table	
BCON1	12047	table	
FIRSTA	12050	table	
SNDSTA	12051	table	
SAVE	12052	table	
RATTMO	12053	table	
CSAVE	12054	table	
XB	12055	table	
YB	12056	table	
TEMPXL	12057	table	
TEMPYL	12060	table	
SAVVE	12061	table	
XTOTUP	12062	table	
BPNTX	12063	table	
YTOTUP	12063	table	
VAIN1	12064	table	
TEST	12065	table	
